{
    "total_runtime": 68.0942063331604,
    "num_documents": 1,
    "input_load_time": 0,
    "workflows": {
        "create_base_text_units": {
            "overall": 2.61922287940979,
            "0_orderby": 0.003329038619995117,
            "1_zip": 0.0021016597747802734,
            "2_aggregate_override": 0.00422215461730957,
            "3_chunk": 2.5798418521881104,
            "4_select": 0.003519296646118164,
            "5_unroll": 0.0056018829345703125,
            "6_rename": 0.0019450187683105469,
            "7_genid": 0.0034720897674560547,
            "8_unzip": 0.0030939579010009766,
            "9_copy": 0.0022459030151367188,
            "10_filter": 0.008498191833496094
        },
        "create_base_extracted_entities": {
            "overall": 24.8088641166687,
            "0_entity_extract": 24.761337995529175,
            "1_merge_graphs": 0.03906416893005371,
            "2_snapshot_rows": 0.006011009216308594
        },
        "create_summarized_entities": {
            "overall": 2.841175079345703,
            "0_summarize_descriptions": 2.8284308910369873,
            "1_snapshot_rows": 0.009214162826538086
        },
        "create_base_entity_graph": {
            "overall": 0.2968111038208008,
            "0_cluster_graph": 0.04055500030517578,
            "1_snapshot_rows": 0.010719060897827148,
            "2_embed_graph": 0.2335219383239746,
            "3_snapshot_rows": 0.004759073257446289,
            "4_select": 0.0042531490325927734
        },
        "create_final_entities": {
            "overall": 1.3118987083435059,
            "0_unpack_graph": 0.014844894409179688,
            "1_rename": 0.004976987838745117,
            "2_select": 0.004518270492553711,
            "3_dedupe": 0.005354166030883789,
            "4_rename": 0.004719972610473633,
            "5_filter": 0.010872840881347656,
            "6_text_split": 0.005605220794677734,
            "7_drop": 0.005240678787231445,
            "8_merge": 0.014461994171142578,
            "9_text_embed": 1.219214916229248,
            "10_drop": 0.005558013916015625,
            "11_filter": 0.012722969055175781
        },
        "create_final_nodes": {
            "overall": 4.02849817276001,
            "0_layout_graph": 3.90926194190979,
            "1_unpack_graph": 0.015906095504760742,
            "2_unpack_graph": 0.015881061553955078,
            "3_filter": 0.01492619514465332,
            "4_drop": 0.006028890609741211,
            "5_select": 0.007294178009033203,
            "6_rename": 0.006166934967041016,
            "7_convert": 0.025994062423706055,
            "8_join": 0.014020681381225586,
            "9_rename": 0.0076520442962646484
        },
        "create_final_communities": {
            "overall": 0.2219710350036621,
            "0_unpack_graph": 0.016518115997314453,
            "1_unpack_graph": 0.01636505126953125,
            "2_aggregate_override": 0.009982824325561523,
            "3_join": 0.010706901550292969,
            "4_join": 0.010679006576538086,
            "5_concat": 0.008274316787719727,
            "6_filter": 0.06087779998779297,
            "7_aggregate_override": 0.017550230026245117,
            "8_join": 0.012248992919921875,
            "9_filter": 0.01795482635498047,
            "10_fill": 0.007861852645874023,
            "11_merge": 0.009691953659057617,
            "12_copy": 0.00803995132446289,
            "13_select": 0.008633852005004883
        },
        "join_text_units_to_entity_ids": {
            "overall": 0.04084491729736328,
            "0_select": 0.012208938598632812,
            "1_unroll": 0.009882926940917969,
            "2_aggregate_override": 0.010150909423828125
        },
        "create_final_relationships": {
            "overall": 0.1282958984375,
            "0_unpack_graph": 0.018406152725219727,
            "1_filter": 0.0207977294921875,
            "2_rename": 0.009360790252685547,
            "3_filter": 0.020940065383911133,
            "4_drop": 0.009776830673217773,
            "5_compute_edge_combined_degree": 0.010943174362182617,
            "6_convert": 0.01997065544128418,
            "7_convert": 0.009604930877685547
        },
        "join_text_units_to_relationship_ids": {
            "overall": 0.05250287055969238,
            "0_select": 0.010507822036743164,
            "1_unroll": 0.010661840438842773,
            "2_aggregate_override": 0.01140284538269043,
            "3_select": 0.01049494743347168
        },
        "create_final_community_reports": {
            "overall": 29.370034217834473,
            "0_prepare_community_reports_nodes": 0.019405126571655273,
            "1_prepare_community_reports_edges": 0.015868186950683594,
            "2_restore_community_hierarchy": 0.029967069625854492,
            "3_prepare_community_reports": 0.05649828910827637,
            "4_create_community_reports": 29.222625732421875,
            "5_window": 0.015192031860351562
        },
        "create_final_text_units": {
            "overall": 0.08829808235168457,
            "0_select": 0.01177525520324707,
            "1_rename": 0.01125788688659668,
            "2_join": 0.014220952987670898,
            "3_join": 0.013838052749633789,
            "4_aggregate_override": 0.013808012008666992,
            "5_select": 0.01233983039855957
        },
        "create_base_documents": {
            "overall": 0.17376279830932617,
            "0_unroll": 0.012941122055053711,
            "1_select": 0.012073993682861328,
            "2_rename": 0.013018131256103516,
            "3_join": 0.014374971389770508,
            "4_aggregate_override": 0.013273000717163086,
            "5_join": 0.015498161315917969,
            "6_rename": 0.05320906639099121,
            "7_convert": 0.027858972549438477
        },
        "create_final_documents": {
            "overall": 0.02713298797607422,
            "0_rename": 0.014753103256225586
        }
    }
}