{
    "total_runtime": 45.45359396934509,
    "num_documents": 1,
    "input_load_time": 0,
    "workflows": {
        "create_base_text_units": {
            "overall": 0.23473501205444336,
            "0_orderby": 0.0051152706146240234,
            "1_zip": 0.0036890506744384766,
            "2_aggregate_override": 0.008567094802856445,
            "3_chunk": 0.17715096473693848,
            "4_select": 0.006903886795043945,
            "5_unroll": 0.005919218063354492,
            "6_rename": 0.0028142929077148438,
            "7_genid": 0.003660917282104492,
            "8_unzip": 0.0034940242767333984,
            "9_copy": 0.003152132034301758,
            "10_filter": 0.012336015701293945
        },
        "create_base_extracted_entities": {
            "overall": 21.90836501121521,
            "0_entity_extract": 21.879307985305786,
            "1_merge_graphs": 0.019611120223999023,
            "2_snapshot_rows": 0.005730152130126953
        },
        "create_summarized_entities": {
            "overall": 1.8978002071380615,
            "0_summarize_descriptions": 1.8843309879302979,
            "1_snapshot_rows": 0.009268999099731445
        },
        "create_base_entity_graph": {
            "overall": 0.04067492485046387,
            "0_cluster_graph": 0.01782512664794922,
            "1_snapshot_rows": 0.00621485710144043,
            "2_snapshot_rows": 0.00586700439453125,
            "3_select": 0.005927085876464844
        },
        "create_final_entities": {
            "overall": 1.353410005569458,
            "0_unpack_graph": 0.008449792861938477,
            "1_rename": 0.006392955780029297,
            "2_select": 0.006245851516723633,
            "3_dedupe": 0.008499383926391602,
            "4_rename": 0.007886886596679688,
            "5_filter": 0.017184972763061523,
            "6_text_split": 0.00803685188293457,
            "7_drop": 0.0072209835052490234,
            "8_merge": 0.012954235076904297,
            "9_text_embed": 1.2372186183929443,
            "10_drop": 0.008376121520996094,
            "11_filter": 0.019224166870117188
        },
        "create_final_nodes": {
            "overall": 0.163038969039917,
            "0_layout_graph": 0.019413232803344727,
            "1_unpack_graph": 0.012026071548461914,
            "2_unpack_graph": 0.011896133422851562,
            "3_drop": 0.009796857833862305,
            "4_filter": 0.02069878578186035,
            "5_select": 0.00977325439453125,
            "6_rename": 0.00958395004272461,
            "7_convert": 0.03594684600830078,
            "8_join": 0.015355110168457031,
            "9_rename": 0.010074138641357422
        },
        "create_final_communities": {
            "overall": 0.22999882698059082,
            "0_unpack_graph": 0.013138055801391602,
            "1_unpack_graph": 0.013293027877807617,
            "2_aggregate_override": 0.015249967575073242,
            "3_join": 0.015350103378295898,
            "4_join": 0.015308856964111328,
            "5_concat": 0.011754035949707031,
            "6_filter": 0.026298046112060547,
            "7_aggregate_override": 0.01382303237915039,
            "8_join": 0.015649080276489258,
            "9_filter": 0.027580976486206055,
            "10_fill": 0.012286901473999023,
            "11_merge": 0.013585329055786133,
            "12_copy": 0.012887954711914062,
            "13_select": 0.013091087341308594
        },
        "join_text_units_to_entity_ids": {
            "overall": 0.06558489799499512,
            "0_select": 0.01566481590270996,
            "1_unroll": 0.0172579288482666,
            "2_aggregate_override": 0.0176849365234375
        },
        "create_final_relationships": {
            "overall": 0.23042893409729004,
            "0_unpack_graph": 0.016424894332885742,
            "1_filter": 0.030256986618041992,
            "2_rename": 0.014470815658569336,
            "3_filter": 0.03310894966125488,
            "4_drop": 0.05349397659301758,
            "5_compute_edge_combined_degree": 0.01766514778137207,
            "6_convert": 0.03560805320739746,
            "7_convert": 0.015974044799804688
        },
        "join_text_units_to_relationship_ids": {
            "overall": 0.08045101165771484,
            "0_select": 0.015293121337890625,
            "1_unroll": 0.016451120376586914,
            "2_aggregate_override": 0.017436981201171875,
            "3_select": 0.016422033309936523
        },
        "create_final_community_reports": {
            "overall": 16.596434831619263,
            "0_prepare_community_reports_nodes": 0.017053842544555664,
            "1_prepare_community_reports_edges": 0.017640113830566406,
            "2_restore_community_hierarchy": 0.018784046173095703,
            "3_prepare_community_reports": 0.03673410415649414,
            "4_create_community_reports": 16.46977996826172,
            "5_window": 0.020502090454101562
        },
        "create_final_text_units": {
            "overall": 0.15328383445739746,
            "0_select": 0.03557324409484863,
            "1_rename": 0.018204212188720703,
            "2_join": 0.02138805389404297,
            "3_join": 0.021537065505981445,
            "4_aggregate_override": 0.020709753036499023,
            "5_select": 0.01892995834350586
        },
        "create_base_documents": {
            "overall": 0.21076202392578125,
            "0_unroll": 0.020010709762573242,
            "1_select": 0.019506216049194336,
            "2_rename": 0.019916772842407227,
            "3_join": 0.02303314208984375,
            "4_aggregate_override": 0.021249771118164062,
            "5_join": 0.024710893630981445,
            "6_rename": 0.02041482925415039,
            "7_convert": 0.043517351150512695
        },
        "create_final_documents": {
            "overall": 0.040402889251708984,
            "0_rename": 0.020797014236450195
        }
    }
}